id;image;name
8550;https://img.buzzfeed.com/thumbnailer-prod-us-east-1/video-api/assets/411554.jpg;Cowboy Butter Garlic Bread
8546;https://img.buzzfeed.com/thumbnailer-prod-us-east-1/video-api/assets/411315.jpg;Pancake Batter Cones
8545;https://img.buzzfeed.com/thumbnailer-prod-us-east-1/video-api/assets/411126.jpg;Ricotta And Cranberry Pretzel Snaps Stackers
8544;https://img.buzzfeed.com/thumbnailer-prod-us-east-1/video-api/assets/411125.jpg;Pretzel Snaps And Bacon Baked Brie
8261;https://s3.amazonaws.com/video-api-prod/assets/8a7e994a197045bdb80239f68d4a5035/clamslinguine_reels.jpg;Dougâ€™s Clams Linguine
8536;https://img.buzzfeed.com/thumbnailer-prod-us-east-1/video-api/assets/407956.jpg;Molten Brownie Pudding
8524;https://img.buzzfeed.com/thumbnailer-prod-us-east-1/video-api/assets/407789.jpg;Air Fryer Spiced Apples In 15 Minutes Or Less
8504;https://img.buzzfeed.com/thumbnailer-prod-us-east-1/video-api/assets/404698.jpg;Halloween Candy Popcorn
8495;https://img.buzzfeed.com/thumbnailer-prod-us-east-1/video-api/assets/402368.jpg;Spooky Chocolate Apple Pops
8499;https://s3.amazonaws.com/video-api-prod/assets/a70e4e797e7842dc8f630d4f933d4fb7/GreenBeans.jpg;Crispy Parmesan Green Beans
8498;https://s3.amazonaws.com/video-api-prod/assets/aad0b459f555470586795f37a3fdd742/CornSkillet.jpg;Cheesy Corn Skillet
8494;https://img.buzzfeed.com/thumbnailer-prod-us-east-1/video-api/assets/402248.jpg;Eat Your Feed Fest Pizza
8485;https://img.buzzfeed.com/thumbnailer-prod-us-east-1/video-api/assets/402126.jpg;Caramel Apple Cream Cheese Board
8484;https://img.buzzfeed.com/thumbnailer-prod-us-east-1/video-api/assets/402089.jpg;Loaded Baked Potato Cream Cheese Board
8481;https://img.buzzfeed.com/thumbnailer-prod-us-east-1/video-api/assets/401848.jpg;Sun-Dried Tomato Skillet Chicken
8441;https://img.buzzfeed.com/tasty-app-user-assets-prod-us-east-1/recipes/1e4b09f446ba4d75954b2ab246467996.jpeg;Easy Fruity Soft Serve
8420;https://s3.amazonaws.com/video-api-prod/assets/c6622ee28a5a41d98fc97cb9fbbce04a/AirFryerPeachCobblerPhoto.jpg;Air Fryer Peach Cobbler For 2
8412;https://img.buzzfeed.com/tasty-app-user-assets-prod-us-east-1/recipes/dbccd3ca691b467185d910918146407c.jpeg;Shrimp Summer Salad With Creamy Cilantro Dressing
8409;https://img.buzzfeed.com/tasty-app-user-assets-prod-us-east-1/recipes/a3356aaddec3466c9eae2a3f2abd109b.jpeg;Filipino Mango Ice Candy
8402;https://img.buzzfeed.com/tasty-app-user-assets-prod-us-east-1/recipes/5ba224d3749f4f2d9229a0fd5f7893bc.jpeg;Watermelon Pistachio Salad
8392;https://img.buzzfeed.com/tasty-app-user-assets-prod-us-east-1/recipes/951d0cbc488f4d7a906d870c3282956c.jpeg;Korean Corn Cheese Spicy Ramen
8393;https://img.buzzfeed.com/tasty-app-user-assets-prod-us-east-1/recipes/48bce2e200b8476a8f0e2fffe63fb80a.jpeg;Fruit Jam Chocolate-Covered Rolls
8372;https://img.buzzfeed.com/tasty-app-user-assets-prod-us-east-1/recipes/35515600960d46a48068857ce7f58ae1.jpeg;Frito Salad
8368;https://img.buzzfeed.com/tasty-app-user-assets-prod-us-east-1/recipes/2919b2b0b8394cd78f8ca160359908a9.jpeg;Melon Ball Salad
8377;https://img.buzzfeed.com/tasty-app-user-assets-prod-us-east-1/recipes/d2c14b8bbc624fe38be2d9f7bcf1c6c4.jpeg;Ice Cream In A Bag
8375;https://img.buzzfeed.com/tasty-app-user-assets-prod-us-east-1/recipes/f85e0cbe1cc242f693e86fed73d2f7c5.jpeg;Classic American Cheeseburger
6047;https://img.buzzfeed.com/thumbnailer-prod-us-east-1/video-api/assets/255895.jpg;Pink Velvet Donuts
6507;https://img.buzzfeed.com/thumbnailer-prod-us-east-1/video-api/assets/279364.jpg;Cotton Candy Ice Cream Sandwich
8365;https://img.buzzfeed.com/tasty-app-user-assets-prod-us-east-1/recipes/c72a82bbe2dc411289f87c393c2935c0.png;Red Pesto Pasta
8358;https://img.buzzfeed.com/tasty-app-user-assets-prod-us-east-1/recipes/20be33e21eb147be91bf2a043639b91e.jpeg;Cowboy Caviar
